code,system
ZV13C11,readv2
K551411,readv2
ZV13B11,readv2
B831.13,readv2
ZV13E00,readv2
K551311,readv2
B831.11,readv2
K551100,readv2
K551000,readv2
B831000,readv2
B831100,readv2
ByuFA00,readv2
K551z00,readv2
ZV13B00,readv2
4K2N.00,readv2
4K2P.00,readv2
4K2K.00,readv2
4K2J.00,readv2
4K2..11,readv2
4K2L.00,readv2
R150000,readv2
K551300,readv2
K551.12,readv2
B831.12,readv2
ZV13C00,readv2
K551400,readv2
B831.00,readv2
K551.00,readv2
N87,readv2
D06,readv2
ZV13D00,readv2
K551X00,readv2
64005.0,readv2
30366.0,readv2
61148.0,readv2
32449.0,readv2
28613.0,readv2
42853.0,readv2